{
	"description": "项目配置文件。",
	"setting": {
		"urlCheck": false,
		"es6": true,
		"postcss": true,
		"minified": true,
		"newFeature": true,
		"autoAudits": false
	},
	"compileType": "miniprogram",
	"libVersion": "1.6.6",
	"appid": "wx7ee3890ac20c9d0b",
	"projectname": "%E5%B0%8F%E8%AF%B4%E9%98%85%E8%AF%BB%E5%99%A8",
	"condition": {
		"search": {
			"current": -1,
			"list": []
		},
		"conversation": {
			"current": -1,
			"list": []
		},
		"miniprogram": {
			"current": -1,
			"list": [
				{
					"id": 0,
					"name": "debug",
					"pathName": "pages/help/help",
					"query": "book_id=5816b415b06d1d32157790b1"
				}
			]
		}
	}
}